,pitch,yaw,tick,steamid,name
1084236,0.24752808,-8.826141,108411,76561198386265483,donk
