,pitch,yaw,tick,steamid,name
56898,0.11431885,170.09961,5688,76561198081484775,SH1R0
